,uris
0,exr:Fostelo_Handbag_For_Women_And_Girls_Ladies_Purse_Faux_Leather_Satchel_Bag_Wedding_Gifts_For_Women_Women_3_Compartments_Bag_Travel_Purse_Hobo_Bag_5_Pockets_Shoulder_Bag
1,exr:Alda_Stainless_Steel_Patila_with_Lid_20cm_Silver
2,exr:WOMEN_MARKS_Womens_Handbag_NSB000059_Tan_
3,exr:UPKOCH_Milk_Pot_Coffee_Milk_Warmer_Butter_Warmer_Pot_with_Handle_Chocolate_Melting_Pot_Stainless_Steel_Saucepan_for_Bar_Store_Cafe_Home_10cm_300ml
4,exr:MOKOBARA_The_Travel_Pillow_Pure_Memory_Foam_Neck_Pillow_Comfortable_Breathable_Cover_Machine_Washable_Airplane_Travel_Kit_Seize_The_Gray_
5,exr:Irusu_Play_VR_Plus_VR_Headset_with_Headphones40MM_HD_Lens_for_Mobiles_with_Remote_
6,exr:Cosmic_Byte_CB_EP_05_Wired_Gaming_in_Ear_Earphone_with_Microphone_Detachable_for_PC_PS4_Mobiles_Tablets_Black_
7,exr:Lover
8,exr:Le_Creuset_Cast_Iron_and_Stoneware_Tagine_27_cm_Cerise
9,exr:Diamonds
